ID,name,smiles,lgK,delta,ref_num,doi
1,PCTA14,O=C(O)CN1CCCN(CC(=O)O)Cc2cccc(n2)CN(CC(=O)O)CCC1,9.34,0.06,1,10.1002/ejoc.200400264
1,PCTA14,O=C(O)CN1CCCN(CC(=O)O)Cc2cccc(n2)CN(CC(=O)O)CCC1,12.5,0.5,2,10.1021/ic960794b
2,PCTA13,O=C(O)CN1CCCN(CC(=O)O)Cc2cccc(n2)CN(CC(=O)O)CC1,19.3,0.6,2,10.1021/ic960794b
3,PCTA12,O=C(O)CN1CCN(CC(=O)O)Cc2cccc(n2)CN(CC(=O)O)CC1,20.39,0.04,3,10.1021/ic0608750
3,PCTA12,O=C(O)CN1CCN(CC(=O)O)Cc2cccc(n2)CN(CC(=O)O)CC1,21,0.5,2,10.1021/ic960794b
4,(S)-NB-PCTA12,O=C(O)CN1CCN(CC(=O)O)CC(Cc2ccc([N+](=O)[O-])cc2)N(CC(=O)O)Cc2cccc(n2)C1,19.42,0.07,4,10.1021/bc8004914
5,BP2A,O=C(O)CN1Cc2cccc(n2)CN(CC(=O)O)Cc2cccc(n2)C1,14.5,,5,10.1021/ic00112a040
6,PC2A,O=C(O)CN1CCNCCN(CC(=O)O)Cc2cccc(n2)C1,16.6,,5,10.1021/ic00112a040
7,DTPA-OAM,O=C(O)CN1CCN(CC(=O)O)CC(=O)NCCOCCOCCNC(=O)CN(CC(=O)O)CC1,17.4,,6,10.1021/ic00091a032
7,DTPA-OAM,O=C(O)CN1CCN(CC(=O)O)CC(=O)NCCOCCOCCNC(=O)CN(CC(=O)O)CC1,17.44,0.57,7,10.1021/ic00046a015
8,DTPA-XAM,O=C(O)CN1CCN(CC(=O)O)CC(=O)NCc2ccc(cc2)CNC(=O)CN(CC(=O)O)CC1,12.34,0.16,7,10.1021/ic00046a015
9,DTPA-PenAM,O=C(O)CN1CCN(CC(=O)O)CC(=O)NCCCCCNC(=O)CN(CC(=O)O)CC1,15.94,0.19,7,10.1021/ic00046a015
10,N-ac3[18]aneN3O3 TTCT,O=C(O)CN1CCOCCN(CC(=O)O)CCOCCN(CC(=O)O)CCOCC1,18.02,0.01,8,10.1021/ic00067a022
10,N-ac3[18]aneN3O3 TTCT,O=C(O)CN1CCOCCN(CC(=O)O)CCOCCN(CC(=O)O)CCOCC1,18.07,,9,10.1016/0730-725x(92)90444-5
11,"N-ac3[18]aneN3O3-Me3, TTCT-Me3",CC(C(=O)O)N1CCOCCN(C(C)C(=O)O)CCOCCN(C(C)C(=O)O)CCOCC1,16.27,,10,10.1002/chin.198201094
12,"DACDA, K22DA",O=C(O)CN1CCOCCOCCN(CC(=O)O)CCOCCOCC1,11.93,0.09,11,10.1021/ic00168a010
13,DTPA-BAM,O=C(O)CN1CCN(CC(=O)O)CC(=O)NCCCCNC(=O)CN(CC(=O)O)CC1,15.39,0.14,7,10.1021/ic00046a015
14,DTPA-cisC=C-BAM,O=C(O)CN1CCN(CC(=O)O)CC(=O)NC/C=C\CNC(=O)CN(CC(=O)O)CC1,15.56,0.04,7,10.1021/ic00046a015
15,DTPA-PAM,O=C(O)CN1CCN(CC(=O)O)CC(=O)NCCCNC(=O)CN(CC(=O)O)CC1,14.49,0.32,7,10.1021/ic00046a015
16,EDTA-DAM,O=C(O)CN1CCNC(=O)CN(CC(=O)O)CCN(CC(=O)O)CC(=O)NCC1,15.14,0.57,7,10.1021/ic00046a015
16,EDTA-DAM,O=C(O)CN1CCNC(=O)CN(CC(=O)O)CCN(CC(=O)O)CC(=O)NCC1,15.3,,6,10.1021/ic00091a032
17,N-ac3[15]aneN3O2,O=C(O)CN1CCOCCN(CC(=O)O)CCN(CC(=O)O)CCOCC1,17.23,0.01,8,10.1021/ic00067a022
17,N-ac3[15]aneN3O2,O=C(O)CN1CCOCCN(CC(=O)O)CCN(CC(=O)O)CCOCC1,17.3,,12,10.1016/s0020-1693(97)05660-0
18,N-ac3[15]aneN3O2-Me3,CC(C(=O)O)N1CCOCCN(C(C)C(=O)O)CCN(C(C)C(=O)O)CCOCC1,11.49,,13,10.1006/mchj.1996.0026
19,"DAPDA, K21DA",O=C(O)CN1CCOCCOCCN(CC(=O)O)CCOCC1,11.66,0.1,14,10.1021/ic00223a025
20,TETA,O=C(O)CN1CCCN(CC(=O)O)CCN(CC(=O)O)CCCN(CC(=O)O)CC1,13.77,0.02,15,10.1016/s0020-1693(00)80229-7
20,TETA,O=C(O)CN1CCCN(CC(=O)O)CCN(CC(=O)O)CCCN(CC(=O)O)CC1,14.73,0.05,16,10.1021/ic00006a021
21,TRITA,O=C(O)CN1CCCN(CC(=O)O)CCN(CC(=O)O)CCN(CC(=O)O)CC1,19.17,0.06,15,10.1016/s0020-1693(00)80229-7
22,DOTA,O=C(O)CN1CCN(CC(=O)O)CCN(CC(=O)O)CCN(CC(=O)O)CC1,22.1,0.1,17,10.1021/ic00032a034
22,DOTA,O=C(O)CN1CCN(CC(=O)O)CCN(CC(=O)O)CCN(CC(=O)O)CC1,23.6,,18,10.1016/0020-1693(94)03964-x
22,DOTA,O=C(O)CN1CCN(CC(=O)O)CCN(CC(=O)O)CCN(CC(=O)O)CC1,24,0.1,15,10.1016/s0020-1693(00)80229-7
22,DOTA,O=C(O)CN1CCN(CC(=O)O)CCN(CC(=O)O)CCN(CC(=O)O)CC1,24.6,0.1,19,10.1021/ic00253a038
22,DOTA,O=C(O)CN1CCN(CC(=O)O)CCN(CC(=O)O)CCN(CC(=O)O)CC1,24.67,0.07,20,10.1016/0020-1693(96)05182-1
22,DOTA,O=C(O)CN1CCN(CC(=O)O)CCN(CC(=O)O)CCN(CC(=O)O)CC1,25,,21,10.1351/pac200577081445
22,DOTA,O=C(O)CN1CCN(CC(=O)O)CCN(CC(=O)O)CCN(CC(=O)O)CC1,25.3,1,22,10.1021/ic00094a021
22,DOTA,O=C(O)CN1CCN(CC(=O)O)CCN(CC(=O)O)CCN(CC(=O)O)CC1,25.6,,23,10.1002/mrm.1910220215
22,DOTA,O=C(O)CN1CCN(CC(=O)O)CCN(CC(=O)O)CCN(CC(=O)O)CC1,26.03,,24,10.1039/a700519i
22,DOTA,O=C(O)CN1CCN(CC(=O)O)CCN(CC(=O)O)CCN(CC(=O)O)CC1,27,,25,10.1021/ic00032a035
22,DOTA,O=C(O)CN1CCN(CC(=O)O)CCN(CC(=O)O)CCN(CC(=O)O)CC1,27,,26,10.3406/barb.1978.58463
22,DOTA,O=C(O)CN1CCN(CC(=O)O)CCN(CC(=O)O)CCN(CC(=O)O)CC1,28,,27,10.3406/barb.1978.58463
23,rac-MCTA,CC1CN(CC(=O)O)CCN(CC(=O)O)CCN(CC(=O)O)CCN1CC(=O)O,26.3,,23,10.1002/mrm.1910220215
24,(S)-NB-DOTA,O=C(O)CN1CCN(CC(=O)O)CCN(CC(=O)O)[C@@H](Cc2ccc([N+](=O)[O-])cc2)CN(CC(=O)O)CC1,24.2,,28,10.1021/ic0353007
25,rac-DOTA-BOM1,O=C(O)CN1CCN(CC(=O)O)CCN(C(COCc2ccccc2)C(=O)O)CCN(CC(=O)O)CC1,25.93,,26,10.1021/ic00032a035
26,DOTA-BOM2c,O=C(O)CN1CCN(CC(=O)O)CCN(C(COCc2ccccc2)C(=O)O)CCN(C(COCc2ccccc2)C(=O)O)CC1,25.95,,26,10.1021/ic00032a035
27,DOTMA [k],CC(C(=O)O)N1CCN(C(C)C(=O)O)CCN(C(C)C(=O)O)CCN(C(C)C(=O)O)CC1,23.6,0.1,29,10.1016/s0010-8545(99)00237-4
28,"(S)(S,S,S)-NB-DOTMA-1",C[C@@H](C(=O)O)N1CCN(CC(=O)O)[C@@H](Cc2ccc([N+](=O)[O-])cc2)CN([C@@H](C)C(=O)O)CCN([C@@H](C)C(=O)O)CC1,21.53,0.11,30,10.1021/ic2012843
29,"(S)(R,R,R,R)-NB-DOTMA",C[C@H](C(=O)O)N1CCN([C@H](C)C(=O)O)CCN([C@H](C)C(=O)O)[C@@H](Cc2ccc([N+](=O)[O-])cc2)CN([C@H](C)C(=O)O)CC1,23.86,0.07,30,10.1021/ic2012843
30,P730,O=C(O)CCC(C(=O)O)N1CCN(C(CCC(=O)O)C(=O)O)CCN(C(CCC(=O)O)C(=O)O)CCN(C(CCC(=O)O)C(=O)O)CC1,24.03,0.06,31,10.1002/ejic.200300085
31,DOTA-PA,CCCNC(=O)CN1CCN(CC(=O)O)CCN(CC(=O)O)CCN(CC(=O)O)CC1,20.1,,32,10.1021/ic00302a049
32,AP-DO3A,CNCC(=O)N1CCN(CC(=O)O)CCN(CC(=O)O)CCN(CC(=O)O)CC1,21.54,,0,10.1021/ci500346w
33,HE-DO3A,O=C(O)CN1CCN(CCO)CCN(CC(=O)O)CCN(CC(=O)O)CC1,22.3,0.2,33,10.1021/ic00095a028
34,rac-HP-DO3A,CC(O)CN1CCN(CC(=O)O)CCN(CC(=O)O)CCN(CC(=O)O)CC1,23.8,1,22,10.1021/ic00094a021
34,rac-HP-DO3A,CC(O)CN1CCN(CC(=O)O)CCN(CC(=O)O)CCN(CC(=O)O)CC1,24.5,0.1,34,10.1039/a909098c
35,rac-HIP-DO3A,CC(CO)N1CCN(CC(=O)O)CCN(CC(=O)O)CCN(CC(=O)O)CC1,23.9,0.1,33,10.1021/ic00095a028
36,rac-trans-DO3A-Bu,O=C(O)CN1CCN(CC(=O)O)CCN(C(CO)C(O)CO)CCN(CC(=O)O)CC1,18.7,0.02,35,10.1016/0020-1693(96)05094-3
36,rac-trans-DO3A-Bu,O=C(O)CN1CCN(CC(=O)O)CCN(C(CO)C(O)CO)CCN(CC(=O)O)CC1,20.8,0.04,35,10.1016/0020-1693(96)05094-3
36,rac-trans-DO3A-Bu,O=C(O)CN1CCN(CC(=O)O)CCN(C(CO)C(O)CO)CCN(CC(=O)O)CC1,21.8,,35,10.1016/0020-1693(96)05094-3
37,HPDO3A-3HM,CC(O)CN1CCN(C(CO)C(=O)O)CCN(C(CO)C(=O)O)CCN(C(CO)C(=O)O)CC1,19.4,0.1,34,10.1039/a909098c
38,HPDO3A-3BHM,CC(O)CN1CCN(C(COCc2ccccc2)C(=O)O)CCN(C(COCc2ccccc2)C(=O)O)CCN(C(COCc2ccccc2)C(=O)O)CC1,18.37,0.05,29,10.1016/s0010-8545(99)00237-4
39,ODOTRA,O=C(O)CN1CCOCCN(CC(=O)O)CCN(CC(=O)O)CC1,21.6,0.1,8,10.1021/ic00067a022
40,DO3A,O=C(O)CN1CCNCCN(CC(=O)O)CCN(CC(=O)O)CC1,21,1,22,10.1021/ic00094a021
40,DO3A,O=C(O)CN1CCNCCN(CC(=O)O)CCN(CC(=O)O)CC1,22.02,0.02,20,10.1351/pac200577081445
40,DO3A,O=C(O)CN1CCNCCN(CC(=O)O)CCN(CC(=O)O)CC1,22.02,0.02,34,10.1016/0020-1693(96)05094-3
41,DO3A-3HM,O=C(O)C(CO)N1CCNCCN(C(CO)C(=O)O)CCN(C(CO)C(=O)O)CC1,18.82,0.09,34,10.1039/a909098c
42,DO3A-3BHM,O=C(O)C(COCc1ccccc1)N1CCNCCN(C(COCc2ccccc2)C(=O)O)CCN(C(COCc2ccccc2)C(=O)O)CC1,18.21,0.03,29,10.1016/s0010-8545(99)00237-4
43,DO2A-2HE,O=C(O)CN1CCN(CCO)CCN(CC(=O)O)CCN(CCO)CC1,21.1,0.1,36,10.1021/ic961131x
44,"(S,S)-DO2A-2HP",CC(O)CN1CCN(CC(=O)O)CCN(CC(C)O)CCN(CC(=O)O)CC1,22.5,0.1,36,10.1021/ic961131x
45,DOTAM,NC(=O)CN1CCN(CC(N)=O)CCN(CC(N)=O)CCN(CC(N)=O)CC1,10.05,0.03,37,10.1021/ja00130a008
45,DOTAM,NC(=O)CN1CCN(CC(N)=O)CCN(CC(N)=O)CCN(CC(N)=O)CC1,13.12,0.04,38,10.1002/ejic.200700354
46,"DTMA, DOTA-(MeAm)4",CNC(=O)CN1CCN(CC(=O)NC)CCN(CC(=O)NC)CCN(CC(=O)NC)CC1,12.8,0.1,34,10.1039/a909098c
46,"DTMA, DOTA-(MeAm)4",CNC(=O)CN1CCN(CC(=O)NC)CCN(CC(=O)NC)CCN(CC(=O)NC)CC1,13.54,0.04,38,10.1002/ejic.200700354
47,DOTA-(EtAm)4,CCNC(=O)CN1CCN(CC(=O)NCC)CCN(CC(=O)NCC)CCN(CC(=O)NCC)CC1,14.83,0.25,38,10.1002/ejic.200700354
48,DOTA-(Gly)4,O=C(O)CNC(=O)CN1CCN(CC(=O)NCC(=O)O)CCN(CC(=O)NCC(=O)O)CCN(CC(=O)NCC(=O)O)CC1,14.54,0.09,39,10.1002/hlca.200590042
49,DETA,O=C(O)CN1CCCN(CC(=O)O)CCN(CC(=O)O)CC1,15.1,0.3,40,10.1021/ic00009a027
50,MeDETA,CC1CN(CC(=O)O)CCN(CC(=O)O)CCN(CC(=O)O)C1,14.7,0.3,40,10.1021/ic00009a027
51,Me2DETA,CC1(C)CN(CC(=O)O)CCN(CC(=O)O)CCN(CC(=O)O)C1,10.4,0.2,40,10.1021/ic00009a027
52,NOTA,O=C(O)CN1CCN(CC(=O)O)CCN(CC(=O)O)CC1,13.7,0.2,40,10.1021/ic00009a027
52,NOTA,O=C(O)CN1CCN(CC(=O)O)CCN(CC(=O)O)CC1,14.3,0.1,19,10.1021/ic00253a038
53,NOTMA,CC(C(=O)O)N1CCN(C(C)C(=O)O)CCN(C(C)C(=O)O)CC1,12.8,,41,10.1524/ract.1993.61.34.207
54,mpatcn,O=C(O)CN1CCN(CC(=O)O)CCN(Cc2cccc(C(=O)O)n2)CC1,13.9,0.2,42,10.1002/ejic.201101162
55,bpatcn,O=C(O)CN1CCN(Cc2cccc(C(=O)O)n2)CCN(Cc2cccc(C(=O)O)n2)CC1,15.8,0.2,43,10.1002/chem.200501390
56,ebpatcn,O=C(O)CCN1CCN(Cc2cccc(C(=O)O)n2)CCN(Cc2cccc(C(=O)O)n2)CC1,15.1,0.04,44,10.1039/b907738c
57,TPHA,O=C(O)CN(CCN(CCN(CC(=O)O)CC(=O)O)CC(=O)O)CCN(CCN(CC(=O)O)CC(=O)O)CC(=O)O,20.41,,45,10.1016/s0010-8545(00)80110-1
57,TPHA,O=C(O)CN(CCN(CCN(CC(=O)O)CC(=O)O)CC(=O)O)CCN(CCN(CC(=O)O)CC(=O)O)CC(=O)O,20.42,,46,10.1016/0022-1902(81)80122-4
58,CE-DTPA,O=C(O)CCC(C(=O)O)N(CCN(CC(=O)O)CC(=O)O)CCN(CC(=O)O)CC(=O)O,21.66,0.03,29,10.1016/s0010-8545(99)00237-4
59,TTAHA,O=C(O)CN(CCN(CCN(CC(=O)O)CC(=O)O)CCN(CC(=O)O)CC(=O)O)CC(=O)O,19,0.1,47,10.1515/znc-1997-7-814
60,DTPA,O=C(O)CN(CCN(CC(=O)O)CC(=O)O)CCN(CC(=O)O)CC(=O)O,20.73,0.06,48,10.1016/0022-1902(77)80538-1
60,DTPA,O=C(O)CN(CCN(CC(=O)O)CC(=O)O)CCN(CC(=O)O)CC(=O)O,22.03,0.01,49,10.1002/ejic.200901261
60,DTPA,O=C(O)CN(CCN(CC(=O)O)CC(=O)O)CCN(CC(=O)O)CC(=O)O,22.2,1,22,10.1021/ic00094a021
60,DTPA,O=C(O)CN(CCN(CC(=O)O)CC(=O)O)CCN(CC(=O)O)CC(=O)O,22.26,0.15,50,10.1002/mrm.1910080208
60,DTPA,O=C(O)CN(CCN(CC(=O)O)CC(=O)O)CCN(CC(=O)O)CC(=O)O,22.3,0.1,19,10.1021/ic00253a038
60,DTPA,O=C(O)CN(CCN(CC(=O)O)CC(=O)O)CCN(CC(=O)O)CC(=O)O,22.46,0.02,51,10.1021/ic991189m
60,DTPA,O=C(O)CN(CCN(CC(=O)O)CC(=O)O)CCN(CC(=O)O)CC(=O)O,22.46,0.07,52,10.1016/0022-1902(62)80236-x
60,DTPA,O=C(O)CN(CCN(CC(=O)O)CC(=O)O)CCN(CC(=O)O)CC(=O)O,22.52,,53,10.1021/ic981072i
60,DTPA,O=C(O)CN(CCN(CC(=O)O)CC(=O)O)CCN(CC(=O)O)CC(=O)O,22.9,,23,10.1002/mrm.1910220215
60,DTPA,O=C(O)CN(CCN(CC(=O)O)CC(=O)O)CCN(CC(=O)O)CC(=O)O,23.01,,54,10.1016/0022-1902(59)80246-3
61,rac-BOPTA,O=C(O)CN(CCN(CC(=O)O)CC(=O)O)CCN(CC(=O)O)C(COCc1ccccc1)C(=O)O,21.91,0.01,49,10.1002/ejic.200901261
61,rac-BOPTA,O=C(O)CN(CCN(CC(=O)O)CC(=O)O)CCN(CC(=O)O)C(COCc1ccccc1)C(=O)O,22.58,0.03,29,10.1016/s0010-8545(99)00237-4
61,rac-BOPTA,O=C(O)CN(CCN(CC(=O)O)CC(=O)O)CCN(CC(=O)O)C(COCc1ccccc1)C(=O)O,22.59,,55,10.1021/ic00107a017
62,(S)-LDTPA,Nc1ccc(CC(C(=O)O)N(CCN(CC(=O)O)CC(=O)O)CCN(CC(=O)O)CC(=O)O)cc1,21.99,,56,10.1021/jm9602118
63,(S)-EOB-DTPA,CCOc1ccc(CC(CN(CCN(CC(=O)O)CC(=O)O)CC(=O)O)N(CC(=O)O)CC(=O)O)cc1,22.76,0.06,29,10.1016/s0010-8545(99)00237-4
63,(S)-EOB-DTPA,CCOc1ccc(CC(CN(CCN(CC(=O)O)CC(=O)O)CC(=O)O)N(CC(=O)O)CC(=O)O)cc1,23.46,0.13,53,10.1021/ic981072i
64,rac-EPTPA-bz-NO2,O=C(O)CN(CCCN(CC(=O)O)CC(Cc1ccc([N+](=O)[O-])cc1)N(CC(=O)O)CC(=O)O)CC(=O)O,19.2,0.02,57,10.1002/chem.200204612
65a,"rac-(R,R,R,R)-cycyDTPA",O=C(O)CN(CC(=O)O)C1CCCCC1N(CC(=O)O)C1CCCCC1N(CC(=O)O)CC(=O)O,20.71,0.02,51,10.1021/ic991189m
65b,"meso-(R,R,S,S)-cycymDTPA",O=C(O)CN(CC(=O)O)C1CCCCC1N(CC(=O)O)C1CCCCC1N(CC(=O)O)CC(=O)O,20.42,0.02,51,10.1021/ic991189m
66,DTTAP,O=C(O)CCN(CCN(CCN(CC(=O)O)CC(=O)O)CC(=O)O)CC(=O)O,19.74,0.3,58,10.1016/s0277-5387(00)86256-7
67,DPTPA,O=C(O)CN(CCCN(CC(=O)O)CC(=O)O)CCCN(CC(=O)O)CC(=O)O,13,0.03,57,10.1002/chem.200204612
68,DTPA-PY,O=C(O)CN(CCN(CCN(CC(=O)O)CC(=O)O)Cc1ccccn1)CC(=O)O,21.59,0.07,59,10.1016/s0277-5387(00)00502-7
69,DTPA-HP,CC(O)CN(CCN(CC(=O)O)CC(=O)O)CCN(CC(=O)O)CC(=O)O,18.48,0.05,59,10.1016/s0277-5387(00)00502-7
70,DTPA-N'-MA,CNC(=O)CN(CCN(CC(=O)O)CC(=O)O)CCN(CC(=O)O)CC(=O)O,19.9,,60,10.1039/b005298l
71,DTPA-N-MA,CNC(=O)CN(CCN(CCN(CC(=O)O)CC(=O)O)CC(=O)O)CC(=O)O,19.3,,60,10.1039/b005298l
72,DTPA-PA,CCCNC(=O)CN(CCN(CCN(CC(=O)O)CC(=O)O)CC(=O)O)CC(=O)O,19.68,0.15,50,10.1002/mrm.1910080208
73,DTPA-PE,CCCOC(=O)CN(CCN(CCN(CC(=O)O)CC(=O)O)CC(=O)O)CC(=O)O,18.91,0.15,50,10.1002/mrm.1910080208
74,DEATA,CCN(CCN(CC(=O)O)CC(=O)O)CCN(CC(=O)O)CC(=O)O,17.79,,61,10.1021/ic00212a005
75,BEATA,O=C(O)CN(CCN(CCN(CC(=O)O)CC(=O)O)c1ccccc1)CC(=O)O,15.42,,61,10.1021/ic00212a005
76,TTDA-HP,CC(O)CN(CCCN(CC(=O)O)CC(=O)O)CCN(CC(=O)O)CC(=O)O,17.33,0.05,62,10.1039/b107456n
77,TTDA-H1P,O=C(O)CN(CCCN(CCN(CC(=O)O)CC(=O)O)C(CO)c1ccccc1)CC(=O)O,17.16,0.07,62,10.1039/b107456n
78,TTDA-H2P,O=C(O)CN(CCCN(CCN(CC(=O)O)CC(=O)O)CC(O)c1ccccc1)CC(=O)O,17.44,0.05,62,10.1039/b107456n
79,DTPA-PE2,CCCOC(=O)CN(CCN(CCN(CC(=O)O)CC(=O)OCCC)CC(=O)O)CC(=O)O,16.3,0.15,50,10.1002/mrm.1910080208
80,DTPA-BA,NC(=O)CN(CCN(CCN(CC(N)=O)CC(=O)O)CC(=O)O)CC(=O)O,14.6,0.09,63,10.1039/b514173g
81,DTPA-BMA DTPA-MA2,CNC(=O)CN(CCN(CCN(CC(=O)O)CC(=O)NC)CC(=O)O)CC(=O)O,16.64,0.02,49,10.1002/ejic.200901261
81,DTPA-BMA DTPA-MA2,CNC(=O)CN(CCN(CCN(CC(=O)O)CC(=O)NC)CC(=O)O)CC(=O)O,16.85,0.05,64,10.1016/0730-725x(90)90055-7
82,DTPA-PA2,CCCNC(=O)CN(CCN(CCN(CC(=O)O)CC(=O)NCCC)CC(=O)O)CC(=O)O,16.23,0.15,50,10.1002/mrm.1910080208
83,DTPA-BiPA,CC(C)NC(=O)CN(CCN(CCN(CC(=O)O)CC(=O)NC(C)C)CC(=O)O)CC(=O)O,17.07,0.04,65,10.1039/a605483h
84,DTPA-BnBA DTPA-BA2,CCCCNC(=O)CN(CCN(CCN(CC(=O)O)CC(=O)NCCCC)CC(=O)O)CC(=O)O,15.9,,66,10.1097/00004424-199009001-00026
84,DTPA-BnBA DTPA-BA2,CCCCNC(=O)CN(CCN(CCN(CC(=O)O)CC(=O)NCCCC)CC(=O)O)CC(=O)O,16.5,0.12,63,10.1039/b514173g
85,DTPA-BtBA,CC(C)(C)NC(=O)CN(CCN(CCN(CC(=O)O)CC(=O)NC(C)(C)C)CC(=O)O)CC(=O)O,17.15,,65,10.1039/a605483h
86,DTPA-BBA,O=C(O)CN(CCN(CC(=O)O)CC(=O)NCc1ccccc1)CCN(CC(=O)O)CC(=O)NCc1ccccc1,16.48,0.05,65,10.1039/a605483h
87,DTPA-BAdA,O=C(O)CN(CCN(CC(=O)O)CC(=O)NC12C[C@H]3C[C@@H](C1)C[C@@H](C2)C3)CCN(CC(=O)O)CC(=O)NC12C[C@H]3C[C@@H](C1)C[C@@H](C2)C3,16.85,0.03,67,10.1016/s0277-5387(97)00476-2
88,DTPA-BMEA DTPA-MEA2,COCCNC(=O)CN(CCN(CCN(CC(=O)O)CC(=O)NCCOC)CC(=O)O)CC(=O)O,16.48,,66,10.1097/00004424-199009001-00026
88,DTPA-BMEA DTPA-MEA2,COCCNC(=O)CN(CCN(CCN(CC(=O)O)CC(=O)NCCOC)CC(=O)O)CC(=O)O,16.84,0.28,68,10.1016/s0020-1693(96)05522-3
88,DTPA-BMEA DTPA-MEA2,COCCNC(=O)CN(CCN(CCN(CC(=O)O)CC(=O)NCCOC)CC(=O)O)CC(=O)O,16.84,0.28,69,10.1097/00004424-199111001-00074
89,DTPA-BMBA,COc1ccccc1CNC(=O)CN(CCN(CCN(CC(=O)O)CC(=O)NCc1ccccc1OC)CC(=O)O)CC(=O)O,16.82,0.04,67,10.1016/s0277-5387(97)00476-2
90,DTPA-BMPEA,COc1ccccc1CCNC(=O)CN(CCN(CCN(CC(=O)O)CC(=O)NCCc1ccccc1OC)CC(=O)O)CC(=O)O,16.91,0.03,67,10.1016/s0277-5387(97)00476-2
91,DTPA-BDA,O=C(O)CN(CCN(CC(=O)O)CC(=O)NCCN(CCO)CCO)CCN(CC(=O)O)CC(=O)NCCN(CCO)CCO,16.7,,70,10.1097/00004424-199111001-00074
92,DTPA-B(BbuA),CCCCN(CCCC)C(=O)CN(CCN(CCN(CC(=O)O)CC(=O)N(CCCC)CCCC)CC(=O)O)CC(=O)O,19,0.03,63,10.1039/b514173g
93,DTPA-BMMEA,COCCN(C)C(=O)CN(CCN(CCN(CC(=O)O)CC(=O)N(C)CCOC)CC(=O)O)CC(=O)O,17.68,,68,10.1097/00004424-199111001-00077
93,DTPA-BMMEA,COCCN(C)C(=O)CN(CCN(CCN(CC(=O)O)CC(=O)N(C)CCOC)CC(=O)O)CC(=O)O,17.69,0.21,69,10.1016/s0020-1693(96)05522-3
94,DTPA-BMAMEA,COCCNC(=O)CN(C)C(=O)CN(CCN(CCN(CC(=O)O)CC(=O)N(C)CC(=O)NCCOC)CC(=O)O)CC(=O)O,17.1,,70,10.1097/00004424-199111001-00074
95,DTPA-BDMEA,COCCN(CCOC)C(=O)CN(CCN(CCN(CC(=O)O)CC(=O)N(CCOC)CCOC)CC(=O)O)CC(=O)O,19.2,,70,10.1097/00004424-199111001-00074
96,DTPA-BHMEA,COCCN(CCO)C(=O)CN(CCN(CCN(CC(=O)O)CC(=O)N(CCO)CCOC)CC(=O)O)CC(=O)O,17.49,0.14,68,10.1016/s0020-1693(96)05522-3
96,DTPA-BHMEA,COCCN(CCO)C(=O)CN(CCN(CCN(CC(=O)O)CC(=O)N(CCO)CCOC)CC(=O)O)CC(=O)O,17.49,0.14,69,10.1097/00004424-199111001-00074
97,DTPA-BP,O=C(O)CN(CCN(CC(=O)O)Cc1ccccn1)CCN(CC(=O)O)Cc1ccccn1,16.83,0.11,64,10.1016/0730-725x(90)90055-7
98,DTTA-HP,Cc1ccc(O)c(CN(CCN(CCN(CC(=O)O)Cc2nc(C)ccc2O)CC(=O)O)CC(=O)O)n1,23.65,,9,10.1016/0730-725x(92)90444-5
99,DTTA-BM,CN(CCN(CCN(C)CC(=O)O)CC(=O)O)CC(=O)O,13.12,,71,10.1021/ic00110a019
100,DTPA-TrA,CCCCN(CCCC)C(=O)CN(CCN(CCN(CC(=O)O)CC(=O)N(CCCC)CCCC)CC(=O)NC)CC(=O)O,17.93,0.08,72,10.1039/b417272h
101,EDTA,O=C(O)CN(CCN(CC(=O)O)CC(=O)O)CC(=O)O,16.28,0.06,48,10.1016/0022-1902(77)80538-1
101,EDTA,O=C(O)CN(CCN(CC(=O)O)CC(=O)O)CC(=O)O,16.7,0.08,73,10.1021/ja01113a020
101,EDTA,O=C(O)CN(CCN(CC(=O)O)CC(=O)O)CC(=O)O,17.35,0.01,29,10.1016/s0010-8545(99)00237-4
101,EDTA,O=C(O)CN(CCN(CC(=O)O)CC(=O)O)CC(=O)O,17.37,0.05,74,10.1002/hlca.19540370402
101,EDTA,O=C(O)CN(CCN(CC(=O)O)CC(=O)O)CC(=O)O,17.4,,75,10.1002/chin.198535056
101,EDTA,O=C(O)CN(CCN(CC(=O)O)CC(=O)O)CC(=O)O,17.53,,76,10.1135/cccc19781450
101,EDTA,O=C(O)CN(CCN(CC(=O)O)CC(=O)O)CC(=O)O,17.7,1,22,10.1021/ic00094a021
102,rac-PDTA,CC(CN(CC(=O)O)CC(=O)O)N(CC(=O)O)CC(=O)O,18.15,,76,10.1135/cccc19781450
102,rac-PDTA,CC(CN(CC(=O)O)CC(=O)O)N(CC(=O)O)CC(=O)O,18.21,,77,10.1016/0022-1902(64)80019-1
102,rac-PDTA,CC(CN(CC(=O)O)CC(=O)O)N(CC(=O)O)CC(=O)O,18.87,,78,10.1016/s0003-2670(01)95804-0
103,MePDTA MPDTA,CC(C)(CN(CC(=O)O)CC(=O)O)N(CC(=O)O)CC(=O)O,17.09,,76,10.1135/cccc19781450
104,"rac-trans-1,2-CPDTA",O=C(O)CN(CC(=O)O)C1CCCC1N(CC(=O)O)CC(=O)O,18.24,,78,10.1016/s0003-2670(01)95804-0
105,"rac-trans-1,2-CDTA",O=C(O)CN(CC(=O)O)C1CCCCC1N(CC(=O)O)CC(=O)O,18.12,0.05,48,10.1016/0022-1902(77)80538-1
105,"rac-trans-1,2-CDTA",O=C(O)CN(CC(=O)O)C1CCCCC1N(CC(=O)O)CC(=O)O,18.77,0.06,74,10.1002/hlca.19540370402
105,"rac-trans-1,2-CDTA",O=C(O)CN(CC(=O)O)C1CCCCC1N(CC(=O)O)CC(=O)O,18.8,0.04,79,10.1016/0022-1902(62)80018-9
105,"rac-trans-1,2-CDTA",O=C(O)CN(CC(=O)O)C1CCCCC1N(CC(=O)O)CC(=O)O,18.97,0.01,80,10.1016/s0003-2670(00)84867-9
105,"rac-trans-1,2-CDTA",O=C(O)CN(CC(=O)O)C1CCCCC1N(CC(=O)O)CC(=O)O,19.5,,75,10.1002/chin.198535056
106,TMTA,O=C(O)CN(CCCN(CC(=O)O)CC(=O)O)CC(=O)O,13.74,,81,10.1002/hlca.19640470715
107,DMPDTA,CC(C)(CN(CC(=O)O)CC(=O)O)CN(CC(=O)O)CC(=O)O,12.3,0.01,82,10.1002/ejic.201101294
108,DHPTA,O=C(O)CN(CC(=O)O)CC(O)CN(CC(=O)O)CC(=O)O,13.94,,83,10.1021/ic00224a041
109,PMDTA,O=C(O)CN(CCCCCN(CC(=O)O)CC(=O)O)CC(=O)O,10.37,,84,10.1016/s0277-5387(00)87165-x
110,BPETA,O=C(O)CN(CCCOCCCN(CC(=O)O)CC(=O)O)CC(=O)O,11.74,0.05,85,10.1021/ic00178a027
111,EGTA,O=C(O)CN(CCOCCOCCN(CC(=O)O)CC(=O)O)CC(=O)O,16.94,0.1,86,10.1021/j100808a028
111,EGTA,O=C(O)CN(CCOCCOCCN(CC(=O)O)CC(=O)O)CC(=O)O,17.5,0.02,86,10.1021/j100808a028
112,BAPTA,O=C(O)CN(CC(=O)O)c1ccccc1OCCOc1ccccc1N(CC(=O)O)CC(=O)O,10.6,0.1,87,10.1246/bcsj.66.3377
112,BAPTA,O=C(O)CN(CC(=O)O)c1ccccc1OCCOc1ccccc1N(CC(=O)O)CC(=O)O,10.94,0.05,88,10.1002/jccs.199000033
113,DETAP,O=C(O)CCN(CCOCCN(CC(=O)O)CC(=O)O)CC(=O)O,15.21,0.05,89,10.1021/ic00213a019
114,bpeda,O=C(O)CN(CCN(CC(=O)O)Cc1cccc(C(=O)O)n1)Cc1cccc(C(=O)O)n1,15.1,0.3,90,10.1039/b416150e
115,MEDTA,CN(CCN(CC(=O)O)CC(=O)O)CC(=O)O,12.98,,91,10.1021/ic00234a009
116,BEDTA,O=C(O)CN(CCN(CC(=O)O)Cc1ccccc1)CC(=O)O,12.4,0.01,92,10.1021/ic50181a065
116,BEDTA,O=C(O)CN(CCN(CC(=O)O)Cc1ccccc1)CC(=O)O,12.58,,29,10.1016/s0010-8545(99)00237-4
117,HBET,O=C(O)CN(CCN(CC(=O)O)Cc1ccccc1O)CC(=O)O,17.54,0.01,93,10.1016/0020-1693(94)04398-f
118,PEDTA,O=C(O)CN(CCN(CC(=O)O)Cc1ccccn1)CC(=O)O,15.56,0.02,47,10.1515/znc-1997-7-814
119,HEDTA,O=C(O)CN(CCO)CCN(CC(=O)O)CC(=O)O,14.8,0.03,48,10.1016/0022-1902(77)80538-1
119,HEDTA,O=C(O)CN(CCO)CCN(CC(=O)O)CC(=O)O,15.1,,94,10.1021/ja01582a007
119,HEDTA,O=C(O)CN(CCO)CCN(CC(=O)O)CC(=O)O,15.4,,94,10.1021/ja01582a007
120,HPED,O=C(O)CN(CCN(CC(=O)O)c1ccccc1O)c1ccccc1O,21.18,0.5,95,10.1016/s0020-1693(00)84982-8
121,BPED,O=C(O)CN(CCN(CC(=O)O)Cc1ccccn1)Cc1ccccn1,12.37,0.03,96,10.1021/ic9613016
122,HEHA,O=C(O)CN1CCN(CC(=O)O)CCN(CC(=O)O)CCN(CC(=O)O)CCN(CC(=O)O)CCN(CC(=O)O)CC1,22.95,0.05,16,10.1021/ic00006a021
123,PEPA,O=C(O)CN1CCN(CC(=O)O)CCN(CC(=O)O)CCN(CC(=O)O)CCN(CC(=O)O)CC1,15.88,0.05,16,10.1021/ic00006a021
124,DTPA-EAM,O=C(O)CN1CCN(CC(=O)O)CC(=O)NCCNC(=O)CN(CC(=O)O)CC1,11.15,0.03,7,10.1021/ic00046a015
124,DTPA-EAM,O=C(O)CN1CCN(CC(=O)O)CC(=O)NCCNC(=O)CN(CC(=O)O)CC1,11.4,,6,10.1021/ic00091a032
125,N-ac3[15]aneN3O2-bis,O=C(O)CN1CCOCCOCCN(CC(=O)O)CCN(CC(=O)O)CC1,9.98,,98,10.5012/jkcs.2004.48.6.577
126,N-pr3[15]aneN3O2-bis,O=C(O)CCN1CCOCCOCCN(CCC(=O)O)CCN(CCC(=O)O)CC1,16.57,,98,10.5012/jkcs.2004.48.6.577
127,N-pr3[15]aneN3O2,O=C(O)CCN1CCOCCN(CCC(=O)O)CCN(CCC(=O)O)CCOCC1,11.23,,99,10.1006/mchj.1996.0026
128,rac-trans-cyclo-PCTA12,O=C(O)CN1CCN(CC(=O)O)[C@@H]2CCCC[C@H]2N(CC(=O)O)Cc2cccc(n2)C1,,,100,10.1016/j.tet.2006.10.024
129,rac-trans-amido-cyclo-PCTA12,O=C(O)CN1CC(=O)N[C@@H]2CCCC[C@H]2N(CC(=O)O)Cc2cccc(n2)C1,,,101,10.1016/j.tet.2009.06.117
130,P730-1,O=C(O)CCC(C(=O)O)N1CCN(CC(=O)O)CCN(C(CCC(=O)O)C(=O)O)CCN(C(CCC(=O)O)C(=O)O)CC1,,,102,10.1007/bf02594595
131,DOTA(GA)2,O=C(O)CCC(C(=O)O)N1CCN(CC(=O)O)CCN(CC(=O)O)CCN(C(CCC(=O)O)C(=O)O)CC1,,,103,10.1021/ja101518v
132,DOTAGA,O=C(O)CCC(C(=O)O)N1CCN(CC(=O)O)CCN(CC(=O)O)CCN(CC(=O)O)CC1,,,103,10.1021/ja101518v
132,DOTAGA,O=C(O)CCC(C(=O)O)N1CCN(CC(=O)O)CCN(CC(=O)O)CCN(CC(=O)O)CC1,,,104,10.1002/hlca.200590044
133,DOTABA,O=C(O)CN1CCN(CC(=O)O)CCN(C(C(=O)O)c2ccc(C(=O)O)cc2)CCN(CC(=O)O)CC1,,,104,10.1002/hlca.200590044
134,DOTASA,O=C(O)CC(C(=O)O)N1CCN(CC(=O)O)CCN(CC(=O)O)CCN(CC(=O)O)CC1,27.2,0.2,105,10.1002/hlca.200590044
135,DOTA-hydrazide,NNC(=O)CN1CCN(CC(=O)O)CCN(CC(=O)O)CCN(CC(=O)O)CC1,,,106,10.1016/j.tetlet.2012.11.151
136,DO3A-L1,CN(CC(O)C(O)C(O)C(O)CO)C(=O)C(COCc1ccccc1)N1CCN(CC(=O)O)CCN(CC(=O)O)CCN(CC(=O)O)CC1,26.4,,25,10.1021/ic00038a023
137,DO3A-L2,O=C(O)CN1CCN(CC(=O)O)CCN(C(COCc2ccccc2)C(=O)NC(CO)CO)CCN(CC(=O)O)CC1,25.9,,25,10.1021/ic00038a023
138,"(R,R,R)-DO3MA",C[C@H](C(=O)O)N1CCNCCN([C@H](C)C(=O)O)CCN([C@H](C)C(=O)O)CC1,25.3,,107,10.1021/ic00065a019
139,DO2A,O=C(O)CN1CCNCCN(CC(=O)O)CCNCC1,13.06,0.04,108,10.1039/a803565b
139,DO2A,O=C(O)CN1CCNCCN(CC(=O)O)CCNCC1,19.1,0.3,36,10.1021/ic961131x
139,DO2A,O=C(O)CN1CCNCCN(CC(=O)O)CCNCC1,19.4,0.1,36,10.1021/ic961131x
140,DODPA,O=C(O)c1cccc(CN2CCNCCN(Cc3cccc(C(=O)O)n3)CCNCC2)n1,,,109,10.1021/ic202436j
141,MeDODPA,CN1CCN(Cc2cccc(C(=O)O)n2)CCN(C)CCN(Cc2cccc(C(=O)O)n2)CC1,,,109,10.1021/ic202436j
142,TTHA,O=C(O)CN(CCN(CCN(CC(=O)O)CC(=O)O)CC(=O)O)CCN(CC(=O)O)CC(=O)O,19.51,,46,10.1016/0022-1902(81)80122-4
142,TTHA,O=C(O)CN(CCN(CCN(CC(=O)O)CC(=O)O)CC(=O)O)CCN(CC(=O)O)CC(=O)O,28.4,,110,10.1016/0223-5234(88)90094-3
143,PNP-DTPA,O=C(O)CN(CCN(CC(=O)O)CC(Cc1ccc([N+](=O)[O-])cc1)N(CC(=O)O)CC(=O)O)CC(=O)O,,,111,10.1021/jm980152t
144,PNPM-DTPA,CC(CN(CC(=O)O)CC(=O)O)N(CC(=O)O)CC(Cc1ccc([N+](=O)[O-])cc1)N(CC(=O)O)CC(=O)O,,,111,10.1021/jm980152t
145,"CHX-DTPA, rac-trans-CyDTPA",O=C(O)CN(CCN(CC(=O)O)[C@H]1CCCC[C@@H]1N(CC(=O)O)CC(=O)O)CC(=O)O,,,112,10.1021/ic951326p
146,"CEDTA, DTTA-prop",O=C(O)CCN(CCN(CC(=O)O)CC(=O)O)CCN(CC(=O)O)CC(=O)O,16.71,,113,10.1007/bf00759053
146,"CEDTA, DTTA-prop",O=C(O)CCN(CCN(CC(=O)O)CC(=O)O)CCN(CC(=O)O)CC(=O)O,18.4,,113,10.1007/bf00759053
147,"EPTPA, TTDA",O=C(O)CN(CCCN(CC(=O)O)CC(=O)O)CCN(CC(=O)O)CC(=O)O,17.5,0.3,57,10.1002/chem.200204612
147,"EPTPA, TTDA",O=C(O)CN(CCCN(CC(=O)O)CC(=O)O)CCN(CC(=O)O)CC(=O)O,18.75,0.07,57,10.1002/chem.200204612
147,"EPTPA, TTDA",O=C(O)CN(CCCN(CC(=O)O)CC(=O)O)CCN(CC(=O)O)CC(=O)O,22.77,0.03,114,10.1039/a805837g
148,(S)-EPTPA-bz,O=C(O)CN(CCCN(CC(=O)O)C[C@H](Cc1ccccc1)N(CC(=O)O)CC(=O)O)CC(=O)O,23.79,0.04,115,10.1002/1522-2675(200204)85:4<1033::aid-hlca1033>3.0.co;2-n
149,TTDA-PY,O=C(O)CN(CCCN(CCN(CC(=O)O)CC(=O)O)Cc1ccccn1)CC(=O)O,23.48,0.07,62,10.1039/b107456n
150,DTPA-BEA DTPA-EA2,CCNC(=O)CN(CCN(CCN(CC(=O)O)CC(=O)NCC)CC(=O)O)CC(=O)O,15.34,,66,10.1097/00004424-199009001-00026
151,DTPA-BHeptA DTPA-HPA2,CCCCCCCNC(=O)CN(CCN(CCN(CC(=O)O)CC(=O)NCCCCCCC)CC(=O)O)CC(=O)O,15.62,,66,10.1097/00004424-199009001-00026
152,DTPA-MPEA2,O=C(O)CN(CCN(CC(=O)O)CC(=O)NCCN1CCOCC1)CCN(CC(=O)O)CC(=O)NCCN1CCOCC1,16.1,,70,10.1097/00004424-199111001-00074
152,DTPA-MPEA2,O=C(O)CN(CCN(CC(=O)O)CC(=O)NCCN1CCOCC1)CCN(CC(=O)O)CC(=O)NCCN1CCOCC1,20.82,,66,10.1097/00004424-199009001-00026
153,DTPA-APD [e],O=C(O)CN(CCN(CC(=O)O)CC(=O)NCC(O)CO)CCN(CC(=O)O)CC(=O)NCC(O)CO,15.32,0.15,50,10.1002/mrm.1910080208
154,DTPA-BMMOA,CN(CCN1CCOCC1)C(=O)CN(CCN(CCN(CC(=O)O)CC(=O)N(C)CCN1CCOCC1)CC(=O)O)CC(=O)O,20.3,,70,10.1097/00004424-199111001-00074
155a,"rac-trans-BDTA, ac-DBTA, rac-DIMEDTA",CC(C(C)N(CC(=O)O)CC(=O)O)N(CC(=O)O)CC(=O)O,18.64,,116,10.1016/0022-1902(71)80023-4
155a,"rac-trans-BDTA, ac-DBTA, rac-DIMEDTA",CC(C(C)N(CC(=O)O)CC(=O)O)N(CC(=O)O)CC(=O)O,18.78,,78,10.1016/s0003-2670(01)95804-0
155a,"rac-trans-BDTA, ac-DBTA, rac-DIMEDTA",CC(C(C)N(CC(=O)O)CC(=O)O)N(CC(=O)O)CC(=O)O,18.84,0.14,117,10.1021/ac60243a032
155b,"cis-BDTA, meso-DBTA, meso-DIMEDTA",CC(C(C)N(CC(=O)O)CC(=O)O)N(CC(=O)O)CC(=O)O,16.51,0.08,118,10.1016/0022-1902(71)80024-6
155b,"cis-BDTA, meso-DBTA, meso-DIMEDTA",CC(C(C)N(CC(=O)O)CC(=O)O)N(CC(=O)O)CC(=O)O,17.03,,116,10.1016/0022-1902(71)80023-4
156,ENDPDA,O=C(O)CCN(CCN(CCC(=O)O)CC(=O)O)CC(=O)O,11.83,0.01,119,10.1016/s0020-1693(00)80040-7
156,ENDPDA,O=C(O)CCN(CCN(CCC(=O)O)CC(=O)O)CC(=O)O,13.21,0.01,119,10.1016/s0020-1693(00)80040-7
156,ENDPDA,O=C(O)CCN(CCN(CCC(=O)O)CC(=O)O)CC(=O)O,15.35,,46,10.1016/0022-1902(81)80122-4
157,EEDTA,O=C(O)CN(CCOCCN(CC(=O)O)CC(=O)O)CC(=O)O,18.13,0.08,86,10.1021/j100808a028
157,EEDTA,O=C(O)CN(CCOCCN(CC(=O)O)CC(=O)O)CC(=O)O,18.21,0.02,86,10.1021/j100808a028
157,EEDTA,O=C(O)CN(CCOCCN(CC(=O)O)CC(=O)O)CC(=O)O,18.3,,120,10.1007/978-1-4613-4452-0
158,HBED,O=C(O)CN(CCN(CC(=O)O)Cc1ccccc1O)Cc1ccccc1O,18.89,,121,10.1016/0020-1693(94)04012-5
158,HBED,O=C(O)CN(CCN(CC(=O)O)Cc1ccccc1O)Cc1ccccc1O,19.16,,122,10.1515/ci.2000.22.1.24a
