ID,sourceID,smiles,doi,source,lgK
rev_081,81,CNC(=O)CN(CCN(CCN(CC(=O)O)CC(=O)NC)CC(=O)O)CC(=O)O,10.1016/0730-725x(90)90055-7,dioury2014,16.85
rev_022,22,O=C(O)CN1CCN(CC(=O)O)CCN(CC(=O)O)CCN(CC(=O)O)CC1,10.1016/0020-1693(96)05182-1,dioury2014,24.67
rev_142,142,O=C(O)CN(CCN(CCN(CC(=O)O)CC(=O)O)CC(=O)O)CCN(CC(=O)O)CC(=O)O,10.1016/0223-5234(88)90094-3,dioury2014,28.4
rev_035,35,CC(CO)N1CCN(CC(=O)O)CCN(CC(=O)O)CCN(CC(=O)O)CC1,10.1021/ic00095a028,dioury2014,23.9
rev_170,A39,O=C(O)CN(CC(=O)O)Cc1cccc(CN(CC(=O)O)CC(=O)O)n1,10.1039/b817343e,uzal2022,18.6
rev_120,120,O=C(O)CN(CCN(CC(=O)O)c1ccccc1O)c1ccccc1O,10.1016/s0020-1693(00)84982-8,dioury2014,21.18
rev_019,19,O=C(O)CN1CCOCCOCCN(CC(=O)O)CCOCC1,10.1021/ic00223a025,dioury2014,11.66
rev_007,7,O=C(O)CN1CCN(CC(=O)O)CC(=O)NCCOCCOCCNC(=O)CN(CC(=O)O)CC1,10.1021/ic00046a015,dioury2014,17.44
rev_157,157,O=C(O)CN(CCOCCN(CC(=O)O)CC(=O)O)CC(=O)O,10.1021/j100808a028,dioury2014,18.13
rev_147,147,O=C(O)CN(CCCN(CC(=O)O)CC(=O)O)CCN(CC(=O)O)CC(=O)O,10.1002/chem.200204612,dioury2014,17.5
rev_192,B10,CCP(=O)(O)CN1CCN(CP(=O)(O)CC)CCN(CP(=O)(O)CC)CCN(CP(=O)(O)CC)CC1,10.1021/ic00026a030,uzal2022,16.5
rev_119,A55,O=C(O)CN(CCO)CCN(CC(=O)O)CC(=O)O,10.1016/00221902(61)80275-3,uzal2022,15.22
rev_156,156,O=C(O)CCN(CCN(CCC(=O)O)CC(=O)O)CC(=O)O,10.1016/0022-1902(81)80122-4,dioury2014,15.35
rev_026,26,O=C(O)CN1CCN(CC(=O)O)CCN(C(COCc2ccccc2)C(=O)O)CCN(C(COCc2ccccc2)C(=O)O)CC1,10.1021/ic00032a035,dioury2014,25.95
rev_048,B7,O=C(O)CNC(=O)CN1CCN(CC(=O)NCC(=O)O)CCN(CC(=O)NCC(=O)O)CCN(CC(=O)NCC(=O)O)CC1,10.1002/ejic.200700354,uzal2022,14.54
rev_116,116,O=C(O)CN(CCN(CC(=O)O)Cc1ccccc1)CC(=O)O,10.1021/ic50181a065,dioury2014,12.4
rev_023,23,CC1CN(CC(=O)O)CCN(CC(=O)O)CCN(CC(=O)O)CCN1CC(=O)O,10.1002/mrm.1910220215,dioury2014,26.3
rev_105,105,O=C(O)CN(CC(=O)O)C1CCCCC1N(CC(=O)O)CC(=O)O,10.1002/hlca.19540370402,dioury2014,18.77
rev_094,94,COCCNC(=O)CN(C)C(=O)CN(CCN(CCN(CC(=O)O)CC(=O)N(C)CC(=O)NCCOC)CC(=O)O)CC(=O)O,10.1097/00004424-199111001-00074,dioury2014,17.1
rev_003,3,O=C(O)CN1CCN(CC(=O)O)Cc2cccc(n2)CN(CC(=O)O)CC1,10.1021/ic960794b,dioury2014,21.0
rev_079,79,CCCOC(=O)CN(CCN(CCN(CC(=O)O)CC(=O)OCCC)CC(=O)O)CC(=O)O,10.1002/mrm.1910080208,dioury2014,16.3
rev_027,27,CC(C(=O)O)N1CCN(C(C)C(=O)O)CCN(C(C)C(=O)O)CCN(C(C)C(=O)O)CC1,10.1016/s0010-8545(99)00237-4,dioury2014,23.6
rev_086,86,O=C(O)CN(CCN(CC(=O)O)CC(=O)NCc1ccccc1)CCN(CC(=O)O)CC(=O)NCc1ccccc1,10.1039/a605483h,dioury2014,16.48
rev_208,B42,O=C(O)c1cccc(CN2Cc3cccc(n3)CN(Cc3cccc(C(=O)O)n3)Cc3cccc(n3)C2)n1,10.1021/ic301369z,uzal2022,13.62
rev_072,72,CCCNC(=O)CN(CCN(CCN(CC(=O)O)CC(=O)O)CC(=O)O)CC(=O)O,10.1002/mrm.1910080208,dioury2014,19.68
rev_201,B30,CN1CCN(CC(=O)O)CCN(Cc2cccc(C(=O)O)n2)CCN(CC(=O)O)CC1,10.1021/acs.inorgchem.0c00520,uzal2022,16.69
rev_139,139,O=C(O)CN1CCNCCN(CC(=O)O)CCNCC1,10.1039/a803565b,dioury2014,13.06
rev_091,91,O=C(O)CN(CCN(CC(=O)O)CC(=O)NCCN(CCO)CCO)CCN(CC(=O)O)CC(=O)NCCN(CCO)CCO,10.1097/00004424-199111001-00074,dioury2014,16.7
rev_096,96,COCCN(CCO)C(=O)CN(CCN(CCN(CC(=O)O)CC(=O)N(CCO)CCOC)CC(=O)O)CC(=O)O,10.1016/s0020-1693(96)05522-3,dioury2014,17.49
rev_102,102,CC(CN(CC(=O)O)CC(=O)O)N(CC(=O)O)CC(=O)O,10.1135/cccc19781450,dioury2014,18.15
rev_049,49,O=C(O)CN1CCCN(CC(=O)O)CCN(CC(=O)O)CC1,10.1021/ic00009a027,dioury2014,15.1
rev_088,A15,COCCNC(=O)CN(CCN(CCN(CC(=O)O)CC(=O)NCCOC)CC(=O)O)CC(=O)O,10.1097/00004424-199111001-00077,uzal2022,16.84
rev_122,122,O=C(O)CN1CCN(CC(=O)O)CCN(CC(=O)O)CCN(CC(=O)O)CCN(CC(=O)O)CCN(CC(=O)O)CC1,10.1021/ic00006a021,dioury2014,22.95
rev_193,B11,O=P(O)(CO)CN1CCN(CP(=O)(O)CO)CCN(CP(=O)(O)CO)CCN(CP(=O)(O)CO)CC1,10.1002/ejic.200800859,uzal2022,16.09
rev_189,A71,O=C(O)CN(Cc1cccc(C(=O)O)n1)[C@@H]1CC[C@H]1N(CC(=O)O)Cc1cccc(C(=O)O)n1,10.1016/S0020-1693(00)81210-4,uzal2022,18.0
rev_152,152,O=C(O)CN(CCN(CC(=O)O)CC(=O)NCCN1CCOCC1)CCN(CC(=O)O)CC(=O)NCCN1CCOCC1,10.1097/00004424-199111001-00074,dioury2014,16.1
rev_038,38,CC(O)CN1CCN(C(COCc2ccccc2)C(=O)O)CCN(C(COCc2ccccc2)C(=O)O)CCN(C(COCc2ccccc2)C(=O)O)CC1,10.1016/s0010-8545(99)00237-4,dioury2014,18.37
rev_052,52,O=C(O)CN1CCN(CC(=O)O)CCN(CC(=O)O)CC1,10.1021/ic00253a038,dioury2014,14.3
rev_047,47,CCNC(=O)CN1CCN(CC(=O)NCC)CCN(CC(=O)NCC)CCN(CC(=O)NCC)CC1,10.1002/ejic.200700354,dioury2014,14.83
rev_106,106,O=C(O)CN(CCCN(CC(=O)O)CC(=O)O)CC(=O)O,10.1002/hlca.19640470715,dioury2014,13.74
rev_013,13,O=C(O)CN1CCN(CC(=O)O)CC(=O)NCCCCNC(=O)CN(CC(=O)O)CC1,10.1021/ic00046a015,dioury2014,15.39
rev_101,101,O=C(O)CN(CCN(CC(=O)O)CC(=O)O)CC(=O)O,10.1002/hlca.19540370402,dioury2014,17.37
rev_214,D6,O=C(O)CN1CCN(CC(=O)O)Cc2cccc(n2)CN(CC(=O)O)CCN(CC(=O)O)Cc2cccc(n2)C1,10.1080/10610279608032556,uzal2022,21.7
rev_018,18,CC(C(=O)O)N1CCOCCN(C(C)C(=O)O)CCN(C(C)C(=O)O)CCOCC1,10.1006/mchj.1996.0026,dioury2014,11.49
rev_060,60,O=C(O)CN(CCN(CC(=O)O)CC(=O)O)CCN(CC(=O)O)CC(=O)O,10.1002/mrm.1910080208,dioury2014,22.26
rev_206,B39,O=C(O)CN1CCN(Cc2cccc(C(=O)O)n2)CCN(Cc2cccc(C(=O)O)n2)Cc2cccc(n2)C1,10.1021/acs.inorgchem.8b00598,uzal2022,23.44
rev_155,155b,CC(C(C)N(CC(=O)O)CC(=O)O)N(CC(=O)O)CC(=O)O,10.1016/0022-1902(71)80023-4,dioury2014,17.03
rev_068,A10,O=C(O)CN(CCN(CCN(CC(=O)O)CC(=O)O)Cc1ccccn1)CC(=O)O,10.1016/S0277-5387(00)00502-7,uzal2022,21.59
rev_066,A28,O=C(O)CCN(CCN(CCN(CC(=O)O)CC(=O)O)CC(=O)O)CC(=O)O,10.1016/S0277-5387(00)86256-7,uzal2022,19.74
rev_005,5,O=C(O)CN1Cc2cccc(n2)CN(CC(=O)O)Cc2cccc(n2)C1,10.1021/ic00112a040,dioury2014,14.5
rev_205,B38,O=C(O)CN1CCN(Cc2cccc(C(=O)O)n2)CCN(CC(=O)O)Cc2cccc(n2)C1,10.1002/chem.201705528,uzal2022,20.49
rev_054,54,O=C(O)CN1CCN(CC(=O)O)CCN(Cc2cccc(C(=O)O)n2)CC1,10.1002/ejic.201101162,dioury2014,13.9
rev_058,A2,O=C(O)CCC(C(=O)O)N(CCN(CC(=O)O)CC(=O)O)CCN(CC(=O)O)CC(=O)O,10.1016/S0010-8545(99)00237-4,uzal2022,21.66
rev_040,B14,O=C(O)CN1CCNCCN(CC(=O)O)CCN(CC(=O)O)CC1,10.1021/acs.inorgchem.8b00473,uzal2022,19.06
rev_090,90,COc1ccccc1CCNC(=O)CN(CCN(CCN(CC(=O)O)CC(=O)NCCc1ccccc1OC)CC(=O)O)CC(=O)O,10.1016/s0277-5387(97)00476-2,dioury2014,16.91
rev_069,69,CC(O)CN(CCN(CC(=O)O)CC(=O)O)CCN(CC(=O)O)CC(=O)O,10.1016/s0277-5387(00)00502-7,dioury2014,18.48
rev_108,108,O=C(O)CN(CC(=O)O)CC(O)CN(CC(=O)O)CC(=O)O,10.1021/ic00224a041,dioury2014,13.94
rev_067,67,O=C(O)CN(CCCN(CC(=O)O)CC(=O)O)CCCN(CC(=O)O)CC(=O)O,10.1002/chem.200204612,dioury2014,13.0
rev_084,84,CCCCNC(=O)CN(CCN(CCN(CC(=O)O)CC(=O)NCCCC)CC(=O)O)CC(=O)O,10.1097/00004424-199009001-00026,dioury2014,15.9
rev_046,46,CNC(=O)CN1CCN(CC(=O)NC)CCN(CC(=O)NC)CCN(CC(=O)NC)CC1,10.1002/ejic.200700354,dioury2014,13.54
rev_153,153,O=C(O)CN(CCN(CC(=O)O)CC(=O)NCC(O)CO)CCN(CC(=O)O)CC(=O)NCC(O)CO,10.1002/mrm.1910080208,dioury2014,15.32
rev_220,T5,O=C(O)CN(Cc1cccc(C(=O)O)n1)Cc1cccc(C(=O)O)n1,10.1016/j.ccr.2022.214606,uzal2022,16.2
rev_164,A19,CCOC(=O)CNC(=O)CN(CCN(CCN(CC(=O)O)CC(=O)NCC(=O)OCC)CC(=O)O)CC(=O)O,10.1021/acs.inorgchem.6b02158,uzal2022,16.7
rev_196,B15,O=C(O)CN1CCN(CC(=O)O)CCN(Cc2cccc(C(=O)O)n2)CCN(CC(=O)O)CC1,10.1021/ic2001915,uzal2022,23.31
rev_125,125,O=C(O)CN1CCOCCOCCN(CC(=O)O)CCN(CC(=O)O)CC1,10.5012/jkcs.2004.48.6.577,dioury2014,9.98
rev_064,64,O=C(O)CN(CCCN(CC(=O)O)CC(Cc1ccc([N+](=O)[O-])cc1)N(CC(=O)O)CC(=O)O)CC(=O)O,10.1002/chem.200204612,dioury2014,19.2
rev_209,B46,O=C(O)c1cccc(CN2CCOCCN(Cc3cccc(C(=O)O)n3)CCOCC2)n1,10.1021/ic9011197,uzal2022,18.82
rev_037,37,CC(O)CN1CCN(C(CO)C(=O)O)CCN(C(CO)C(=O)O)CCN(C(CO)C(=O)O)CC1,10.1039/a909098c,dioury2014,19.4
rev_004,4,O=C(O)CN1CCN(CC(=O)O)CC(Cc2ccc([N+](=O)[O-])cc2)N(CC(=O)O)Cc2cccc(n2)C1,10.1021/bc8004914,dioury2014,19.42
rev_175,A52,O=C(O)CN(CCN(CC(=O)O)C(=O)c1ccccc1)CC(=O)O,10.1021/ic50181a065,uzal2022,12.4
rev_021,21,O=C(O)CN1CCCN(CC(=O)O)CCN(CC(=O)O)CCN(CC(=O)O)CC1,10.1016/s0020-1693(00)80229-7,dioury2014,19.17
rev_017,17,O=C(O)CN1CCOCCN(CC(=O)O)CCN(CC(=O)O)CCOCC1,10.1016/s0020-1693(97)05660-0,dioury2014,17.3
rev_180,A62,O=C(O)CN(CC(=O)O)CC(=O)O,10.1021/ic50001a010,uzal2022,11.54
rev_034,34,CC(O)CN1CCN(CC(=O)O)CCN(CC(=O)O)CCN(CC(=O)O)CC1,10.1039/a909098c,dioury2014,24.5
rev_063,63,CCOc1ccc(CC(CN(CCN(CC(=O)O)CC(=O)O)CC(=O)O)N(CC(=O)O)CC(=O)O)cc1,10.1021/ic981072i,dioury2014,23.46
rev_117,A53,O=C(O)CN(CCN(CC(=O)O)Cc1ccccc1O)CC(=O)O,10.1016/0020-1693(94)04398-F,uzal2022,17.54
rev_168,A32,CCOc1ccc(C[C@H](CN(CCN(CC(=O)O)CC(=O)O)CC(=O)O)N(CC(=O)O)CC(=O)O)cc1,10.1021/ic981072i,uzal2022,23.46
rev_212,D3,O=C(O)CCN1CCOCCOCCN(CCC(=O)O)CCOCCOCC1,10.1021/ic00294a023,uzal2022,7.02
rev_126,126,O=C(O)CCN1CCOCCOCCN(CCC(=O)O)CCN(CCC(=O)O)CC1,10.5012/jkcs.2004.48.6.577,dioury2014,16.57
rev_217,T2,NC(=O)CN1CCN(CC(=O)O)CCN(CC(=O)O)CC1,10.1016/j.ccr.2022.214606,uzal2022,11.9
rev_225,T10,O=C(O)CN1CCN(CC(=O)O)CCN(C[C@@H](O)C(=O)O)CCN(CC(=O)O)CC1,10.1021/acs.inorgchem.1c01927,uzal2022,19.26
rev_077,77,O=C(O)CN(CCCN(CCN(CC(=O)O)CC(=O)O)C(CO)c1ccccc1)CC(=O)O,10.1039/b107456n,dioury2014,17.16
rev_014,14,O=C(O)CN1CCN(CC(=O)O)CC(=O)NC/C=C\CNC(=O)CN(CC(=O)O)CC1,10.1021/ic00046a015,dioury2014,15.56
rev_223,T8,O=C(O)CN(CCOCCN(CC(=O)O)Cc1cccc(C(=O)O)n1)Cc1cccc(C(=O)O)n1,10.1021/acs.inorgchem.0c00372,uzal2022,20.5
rev_061,61,O=C(O)CN(CCN(CC(=O)O)CC(=O)O)CCN(CC(=O)O)C(COCc1ccccc1)C(=O)O,10.1016/s0010-8545(99)00237-4,dioury2014,22.58
rev_015,15,O=C(O)CN1CCN(CC(=O)O)CC(=O)NCCCNC(=O)CN(CC(=O)O)CC1,10.1021/ic00046a015,dioury2014,14.49
rev_158,158,O=C(O)CN(CCN(CC(=O)O)Cc1ccccc1O)Cc1ccccc1O,10.1515/ci.2000.22.1.24a,dioury2014,19.16
rev_059,59,O=C(O)CN(CCN(CCN(CC(=O)O)CC(=O)O)CCN(CC(=O)O)CC(=O)O)CC(=O)O,10.1515/znc-1997-7-814,dioury2014,19.0
rev_050,50,CC1CN(CC(=O)O)CCN(CC(=O)O)CCN(CC(=O)O)C1,10.1021/ic00009a027,dioury2014,14.7
rev_161,A7,O=C(O)CN(CCN(CCN(CC(=O)O)CC(=O)O)CP(=O)(O)O)CC(=O)O,10.1002/cmmi.131,uzal2022,22.79
rev_092,A23,CCCCN(CCCC)C(=O)CN(CCN(CCN(CC(=O)O)CC(=O)N(CCCC)CCCC)CC(=O)O)CC(=O)O,10.1039/B514173G,uzal2022,19.0
rev_045,45,NC(=O)CN1CCN(CC(N)=O)CCN(CC(N)=O)CCN(CC(N)=O)CC1,10.1021/ja00130a008,dioury2014,10.05
rev_011,11,CC(C(=O)O)N1CCOCCN(C(C)C(=O)O)CCOCCN(C(C)C(=O)O)CCOCC1,10.1002/chin.198201094,dioury2014,16.27
rev_150,150,CCNC(=O)CN(CCN(CCN(CC(=O)O)CC(=O)NCC)CC(=O)O)CC(=O)O,10.1097/00004424-199009001-00026,dioury2014,15.34
rev_141,B29,CN1CCN(Cc2cccc(C(=O)O)n2)CCN(C)CCN(Cc2cccc(C(=O)O)n2)CC1,10.1039/C4DT02985B,uzal2022,17.59
rev_042,42,O=C(O)C(COCc1ccccc1)N1CCNCCN(C(COCc2ccccc2)C(=O)O)CCN(C(COCc2ccccc2)C(=O)O)CC1,10.1016/s0010-8545(99)00237-4,dioury2014,18.21
rev_159,A3,O=C(O)CN(CCN(CCN(CC(=O)O)CC(=O)O)C(COCc1ccccc1)C(=O)O)CC(=O)O,10.1016/S0010-8545(99)00237-4,uzal2022,22.23
rev_012,12,O=C(O)CN1CCOCCOCCN(CC(=O)O)CCOCCOCC1,10.1021/ic00168a010,dioury2014,11.93
rev_169,A35,CCCCCNC(=O)CN(CCCN(CCN(CC(=O)O)CC(=O)NCCCCC)CC(=O)O)CC(=O)O,10.1039/b506702b,uzal2022,13.44
rev_197,B16,NCCNC(=O)CN1CCN(CC(=O)O)CCN(CC(=O)O)CCN(CC(=O)O)CC1,10.1039/C4DT03939D,uzal2022,22.25
rev_041,41,O=C(O)C(CO)N1CCNCCN(C(CO)C(=O)O)CCN(C(CO)C(=O)O)CC1,10.1039/a909098c,dioury2014,18.82
rev_071,71,CNC(=O)CN(CCN(CCN(CC(=O)O)CC(=O)O)CC(=O)O)CC(=O)O,10.1039/b005298l,dioury2014,19.3
rev_167,A31,O=C(O)CN(CCN(CC(=O)O)C[C@H](COP(=O)(O)OC1CCC(c2ccccc2)(c2ccccc2)CC1)N(CC(=O)O)CC(=O)O)CC(=O)O,10.1021/ic001117r,uzal2022,22.06
rev_043,43,O=C(O)CN1CCN(CCO)CCN(CC(=O)O)CCN(CCO)CC1,10.1021/ic961131x,dioury2014,21.1
rev_211,D2,O=C(O)c1cccc(CN2CCOCCOCCN(Cc3cccc(C(=O)O)n3)CCOCCOCC2)n1,10.1021/ja808534w,uzal2022,13.02
rev_160,A5,CN(CCN(CC(=O)O)CC(=O)O)CCN(CC(=O)O)CC(=O)O,10.1021/ic800512k,uzal2022,18.6
rev_078,78,O=C(O)CN(CCCN(CCN(CC(=O)O)CC(=O)O)CC(O)c1ccccc1)CC(=O)O,10.1039/b107456n,dioury2014,17.44
rev_097,97,O=C(O)CN(CCN(CC(=O)O)Cc1ccccn1)CCN(CC(=O)O)Cc1ccccn1,10.1016/0730-725x(90)90055-7,dioury2014,16.83
rev_055,C3,O=C(O)CN1CCN(Cc2cccc(C(=O)O)n2)CCN(Cc2cccc(C(=O)O)n2)CC1,10.1002/chem.200501390 ,uzal2022,15.8
rev_191,B9,O=P(O)(O)CN1CCN(CP(=O)(O)O)CCN(CP(=O)(O)O)CCN(CP(=O)(O)O)CC1,10.1021/ic9600590,uzal2022,28.8
rev_087,87,O=C(O)CN(CCN(CC(=O)O)CC(=O)NC12C[C@H]3C[C@@H](C1)C[C@@H](C2)C3)CCN(CC(=O)O)CC(=O)NC12C[C@H]3C[C@@H](C1)C[C@@H](C2)C3,10.1016/s0277-5387(97)00476-2,dioury2014,16.85
rev_179,A61,COCCN(CC(=O)O)CC(=O)O,10.1016/S0010-8545(99)00237-4,uzal2022,7.88
rev_216,T1,O=C(O)CN1CCN(CC(=O)O)CCN(Cc2ccccn2)CC1,10.1016/j.ccr.2022.214606,uzal2022,12.55
rev_148,148,O=C(O)CN(CCCN(CC(=O)O)C[C@H](Cc1ccccc1)N(CC(=O)O)CC(=O)O)CC(=O)O,10.1002/1522-2675(200204)85:4<1033::aid-hlca1033>3.0.co;2-n,dioury2014,23.79
rev_213,D4,O=C(O)CN1CCOCCOCCNCCOCCOCC1,10.1021/ic00294a023,uzal2022,7.29
rev_089,89,COc1ccccc1CNC(=O)CN(CCN(CCN(CC(=O)O)CC(=O)NCc1ccccc1OC)CC(=O)O)CC(=O)O,10.1016/s0277-5387(97)00476-2,dioury2014,16.82
rev_134,134,O=C(O)CC(C(=O)O)N1CCN(CC(=O)O)CCN(CC(=O)O)CCN(CC(=O)O)CC1,10.1002/hlca.200590044,dioury2014,27.2
rev_110,110,O=C(O)CN(CCCOCCCN(CC(=O)O)CC(=O)O)CC(=O)O,10.1021/ic00178a027,dioury2014,11.74
rev_107,107,CC(C)(CN(CC(=O)O)CC(=O)O)CN(CC(=O)O)CC(=O)O,10.1002/ejic.201101294,dioury2014,12.3
rev_109,109,O=C(O)CN(CCCCCN(CC(=O)O)CC(=O)O)CC(=O)O,10.1016/s0277-5387(00)87165-x,dioury2014,10.37
rev_070,70,CNC(=O)CN(CCN(CC(=O)O)CC(=O)O)CCN(CC(=O)O)CC(=O)O,10.1039/b005298l,dioury2014,19.9
rev_204,B37,O=C(O)CN1CCN(CC(=O)O)Cc2cccc(n2)CN(Cc2cccc(C(=O)O)n2)CC1,10.1002/chem.201705528,uzal2022,22.37
rev_198,B22,O=C(O)CN1CCN(CC(=O)O)CCN(CP(=O)(O)O)CCN(CC(=O)O)CC1,10.1135/cccc20051909,uzal2022,27.5
rev_182,A64,CN(CC(=O)O)CC(=O)O,10.1016/S0010-8545(99)00237-4,uzal2022,6.68
rev_114,114,O=C(O)CN(CCN(CC(=O)O)Cc1cccc(C(=O)O)n1)Cc1cccc(C(=O)O)n1,10.1039/b416150e,dioury2014,15.1
rev_115,115,CN(CCN(CC(=O)O)CC(=O)O)CC(=O)O,10.1021/ic00234a009,dioury2014,12.98
rev_002,2,O=C(O)CN1CCCN(CC(=O)O)Cc2cccc(n2)CN(CC(=O)O)CC1,10.1021/ic960794b,dioury2014,19.3
rev_073,73,CCCOC(=O)CN(CCN(CCN(CC(=O)O)CC(=O)O)CC(=O)O)CC(=O)O,10.1002/mrm.1910080208,dioury2014,18.91
rev_185,A67,O=C(O)CN(CC(=O)O)Cc1ccccc1O,10.1246/bcsj.62.2296,uzal2022,13.55
rev_080,A14,NC(=O)CN(CCN(CCN(CC(N)=O)CC(=O)O)CC(=O)O)CC(=O)O,10.1039/B514173G,uzal2022,14.6
rev_053,53,CC(C(=O)O)N1CCN(C(C)C(=O)O)CCN(C(C)C(=O)O)CC1,10.1524/ract.1993.61.34.207,dioury2014,12.8
rev_176,A56,O=C(O)CN(CC(=O)O)[C@@H]1CCCC[C@H]1N(CC(=O)O)CC(=O)O,10.1016/0048-9697(87)90127-6,uzal2022,19.6
rev_103,103,CC(C)(CN(CC(=O)O)CC(=O)O)N(CC(=O)O)CC(=O)O,10.1135/cccc19781450,dioury2014,17.09
rev_082,82,CCCNC(=O)CN(CCN(CCN(CC(=O)O)CC(=O)NCCC)CC(=O)O)CC(=O)O,10.1002/mrm.1910080208,dioury2014,16.23
rev_124,124,O=C(O)CN1CCN(CC(=O)O)CC(=O)NCCNC(=O)CN(CC(=O)O)CC1,10.1021/ic00046a015,dioury2014,11.15
rev_203,B33,CC(O)CN1CCN(CC(C)O)CCN(C(CO)C(=O)O)CCN(CC(C)O)CC1,10.1039/a909098c,uzal2022,19.4
rev_174,A48,O=C(O)CNCCNCC(=O)O,10.1016/0048-9697(87)90127-6,uzal2022,8.1
rev_154,154,CN(CCN1CCOCC1)C(=O)CN(CCN(CCN(CC(=O)O)CC(=O)N(C)CCN1CCOCC1)CC(=O)O)CC(=O)O,10.1097/00004424-199111001-00074,dioury2014,20.3
rev_098,98,Cc1ccc(O)c(CN(CCN(CCN(CC(=O)O)Cc2nc(C)ccc2O)CC(=O)O)CC(=O)O)n1,10.1016/0730-725x(92)90444-5,dioury2014,23.65
rev_009,9,O=C(O)CN1CCN(CC(=O)O)CC(=O)NCCCCCNC(=O)CN(CC(=O)O)CC1,10.1021/ic00046a015,dioury2014,15.94
rev_020,20,O=C(O)CN1CCCN(CC(=O)O)CCN(CC(=O)O)CCCN(CC(=O)O)CC1,10.1021/ic00006a021,dioury2014,14.73
rev_111,A40,O=C(O)CN(CCOCCOCCN(CC(=O)O)CC(=O)O)CC(=O)O,10.1021/ic5020225,uzal2022,17.66
rev_031,31,CCCNC(=O)CN1CCN(CC(=O)O)CCN(CC(=O)O)CCN(CC(=O)O)CC1,10.1021/ic00302a049,dioury2014,20.1
rev_149,149,O=C(O)CN(CCCN(CCN(CC(=O)O)CC(=O)O)Cc1ccccn1)CC(=O)O,10.1039/b107456n,dioury2014,23.48
rev_188,A70,O=C(O)CN(CC(=O)O)[C@@H]1CC[C@H]1N(CC(=O)O)Cc1cccc(C(=O)O)n1,10.1016/S0020-1693(00)81210-4,uzal2022,17.41
rev_057,57,O=C(O)CN(CCN(CCN(CC(=O)O)CC(=O)O)CC(=O)O)CCN(CCN(CC(=O)O)CC(=O)O)CC(=O)O,10.1016/s0010-8545(00)80110-1,dioury2014,20.41
rev_221,T6,O=C(O)c1cccc(CN(Cc2cccc(C(=O)O)n2)Cc2cccc(C(=O)O)n2)n1,10.1016/j.ccr.2022.214606,uzal2022,17.77
rev_140,B28,O=C(O)c1cccc(CN2CCNCCN(Cc3cccc(C(=O)O)n3)CCNCC2)n1,10.1039/C4DT02985B,uzal2022,17.27
rev_001,1,O=C(O)CN1CCCN(CC(=O)O)Cc2cccc(n2)CN(CC(=O)O)CCC1,10.1002/ejoc.200400264,dioury2014,9.34
rev_195,B13,CCCCOP(=O)(O)CN1CCN(CP(=O)(O)OCCCC)CCN(CP(=O)(O)OCCCC)CCN(CP(=O)(O)OCCCC)CC1,10.1002/1099-0682(200103)2001:3<813::aid-ejic813>3.0.co;2-6,uzal2022,12.19
rev_199,B23,O=C(O)CN1CCN(CC(=O)O)CCN(CP(=O)(O)CN(Cc2ccccc2)Cc2ccccc2)CCN(CC(=O)O)CC1,10.1021/acs.inorgchem.9b00267,uzal2022,23.77
rev_183,A65,O=C(O)CN(CCO)CC(=O)O,10.1021/ic50007a042,uzal2022,9.01
rev_039,39,O=C(O)CN1CCOCCN(CC(=O)O)CCN(CC(=O)O)CC1,10.1021/ic00067a022,dioury2014,21.6
rev_093,93,COCCN(C)C(=O)CN(CCN(CCN(CC(=O)O)CC(=O)N(C)CCOC)CC(=O)O)CC(=O)O,10.1016/s0020-1693(96)05522-3,dioury2014,17.69
rev_172,A45,CC(C)(C)NC(=O)CN(CCN(CC(=O)O)CC(=O)NC(C)(C)C)CC(=O)O,10.1016/S0277-5387(98)00273-3,uzal2022,12.76
rev_008,8,O=C(O)CN1CCN(CC(=O)O)CC(=O)NCc2ccc(cc2)CNC(=O)CN(CC(=O)O)CC1,10.1021/ic00046a015,dioury2014,12.34
rev_224,T9,O=P(O)(O)CN1CCNCCNCCN(CP(=O)(O)O)CC1,10.3390/molecules24183324,uzal2022,19.15
rev_118,118,O=C(O)CN(CCN(CC(=O)O)Cc1ccccn1)CC(=O)O,10.1515/znc-1997-7-814,dioury2014,15.56
rev_194,B12,CCOP(=O)(O)CN1CCN(CP(=O)(O)OCC)CCN(CP(=O)(O)OCC)CCN(CP(=O)(O)OCC)CC1,10.1002/ejic.200800859,uzal2022,14.4
rev_075,75,O=C(O)CN(CCN(CCN(CC(=O)O)CC(=O)O)c1ccccc1)CC(=O)O,10.1021/ic00212a005,dioury2014,15.42
rev_146,146,O=C(O)CCN(CCN(CC(=O)O)CC(=O)O)CCN(CC(=O)O)CC(=O)O,10.1007/bf00759053,dioury2014,16.71
rev_151,151,CCCCCCCNC(=O)CN(CCN(CCN(CC(=O)O)CC(=O)NCCCCCCC)CC(=O)O)CC(=O)O,10.1097/00004424-199009001-00026,dioury2014,15.62
rev_181,A63,O=C(O)CNCC(=O)O,10.1021/ic50003a009,uzal2022,6.68
rev_085,85,CC(C)(C)NC(=O)CN(CCN(CCN(CC(=O)O)CC(=O)NC(C)(C)C)CC(=O)O)CC(=O)O,10.1039/a605483h,dioury2014,17.15
rev_137,137,O=C(O)CN1CCN(CC(=O)O)CCN(C(COCc2ccccc2)C(=O)NC(CO)CO)CCN(CC(=O)O)CC1,10.1021/ic00038a023,dioury2014,25.9
rev_218,T3,O=C(O)CN(CC(=O)O)[C@@H]1CCCC[C@H]1N(CC(=O)O)Cc1ccccn1,10.1016/j.ccr.2022.214606,uzal2022,14.47
rev_006,6,O=C(O)CN1CCNCCN(CC(=O)O)Cc2cccc(n2)C1,10.1021/ic00112a040,dioury2014,16.6
rev_044,44,CC(O)CN1CCN(CC(=O)O)CCN(CC(C)O)CCN(CC(=O)O)CC1,10.1021/ic961131x,dioury2014,22.5
rev_210,C5,O=C(O)c1cccc(CN2CCN(Cc3cccc(C(=O)O)n3)CCN(CP(=O)(O)O)CC2)n1,10.1039/b907738c,uzal2022,19.5
rev_025,25,O=C(O)CN1CCN(CC(=O)O)CCN(C(COCc2ccccc2)C(=O)O)CCN(CC(=O)O)CC1,10.1021/ic00032a035,dioury2014,25.93
rev_010,10,O=C(O)CN1CCOCCN(CC(=O)O)CCOCCN(CC(=O)O)CCOCC1,10.1021/ic00067a022,dioury2014,18.02
rev_163,A11,O=C(O)CN(CCN(CC(=O)O)C(COCc1ccccc1)C(=O)O)CCN(CC(=O)O)C(COCc1ccccc1)C(=O)O,10.1016/S0010-8545(99)00237-4,uzal2022,21.72
rev_076,76,CC(O)CN(CCCN(CC(=O)O)CC(=O)O)CCN(CC(=O)O)CC(=O)O,10.1039/b107456n,dioury2014,17.33
rev_202,B31,CN1CCN(CC(=O)O)CCN(CC(=O)O)CCN(Cc2cccc(C(=O)O)n2)CC1,10.1021/acs.inorgchem.0c00520,uzal2022,17.12
rev_138,138,C[C@H](C(=O)O)N1CCNCCN([C@H](C)C(=O)O)CCN([C@H](C)C(=O)O)CC1,10.1021/ic00065a019,dioury2014,25.3
rev_095,95,COCCN(CCOC)C(=O)CN(CCN(CCN(CC(=O)O)CC(=O)N(CCOC)CCOC)CC(=O)O)CC(=O)O,10.1097/00004424-199111001-00074,dioury2014,19.2
rev_186,A68,NCC(=O)O,10.1016/S0020-1693(00)81210-4,uzal2022,3.72
rev_065,65b,O=C(O)CN(CC(=O)O)C1CCCCC1N(CC(=O)O)C1CCCCC1N(CC(=O)O)CC(=O)O,10.1021/ic991189m,dioury2014,20.42
rev_123,123,O=C(O)CN1CCN(CC(=O)O)CCN(CC(=O)O)CCN(CC(=O)O)CCN(CC(=O)O)CC1,10.1021/ic00006a021,dioury2014,15.88
rev_127,127,O=C(O)CCN1CCOCCN(CCC(=O)O)CCN(CCC(=O)O)CCOCC1,10.1006/mchj.1996.0026,dioury2014,11.23
rev_200,B25,O=C(O)CN1CCN(CP(=O)(O)O)CCN(CC(=O)O)CCN(CP(=O)(O)O)CC1,10.1021/ic7024704,uzal2022,25.7
rev_162,A8,NCCC(N(CCN(CC(=O)O)CC(=O)O)CCN(CC(=O)O)CC(=O)O)P(=O)(O)O,10.1002/cmmi.131,uzal2022,22.34
rev_165,A20,O=C(O)CNC(=O)CN(CCN(CCN(CC(=O)O)CC(=O)NCC(=O)O)CC(=O)O)CC(=O)O,10.1021/acs.inorgchem.6b02158,uzal2022,16.17
rev_219,T4,O=C(O)CN(Cc1ccccn1)[C@@H]1CCCC[C@H]1N(CC(=O)O)Cc1ccccn1,10.1016/j.ccr.2022.214606,uzal2022,12.07
rev_100,100,CCCCN(CCCC)C(=O)CN(CCN(CCN(CC(=O)O)CC(=O)N(CCCC)CCCC)CC(=O)NC)CC(=O)O,10.1039/b417272h,dioury2014,17.93
rev_024,24,O=C(O)CN1CCN(CC(=O)O)CCN(CC(=O)O)[C@@H](Cc2ccc([N+](=O)[O-])cc2)CN(CC(=O)O)CC1,10.1021/ic0353007,dioury2014,24.2
rev_112,112,O=C(O)CN(CC(=O)O)c1ccccc1OCCOc1ccccc1N(CC(=O)O)CC(=O)O,10.1246/bcsj.66.3377,dioury2014,10.6
rev_173,A46,CCCNC(=O)CN(CCN(CC(=O)O)CC(=O)NCCC)CC(=O)O,10.1039/b211060a,uzal2022,10.3
rev_033,33,O=C(O)CN1CCN(CCO)CCN(CC(=O)O)CCN(CC(=O)O)CC1,10.1021/ic00095a028,dioury2014,22.3
rev_029,29,C[C@H](C(=O)O)N1CCN([C@H](C)C(=O)O)CCN([C@H](C)C(=O)O)[C@@H](Cc2ccc([N+](=O)[O-])cc2)CN([C@H](C)C(=O)O)CC1,10.1021/ic2012843,dioury2014,23.86
rev_051,51,CC1(C)CN(CC(=O)O)CCN(CC(=O)O)CCN(CC(=O)O)C1,10.1021/ic00009a027,dioury2014,10.4
rev_121,121,O=C(O)CN(CCN(CC(=O)O)Cc1ccccn1)Cc1ccccn1,10.1021/ic9613016,dioury2014,12.37
rev_177,A57,O=C(O)CN(Cc1cccc(C(=O)O)n1)[C@@H]1CCCC[C@H]1N(CC(=O)O)Cc1cccc(C(=O)O)n1,10.1002/chem.201503836,uzal2022,20.68
rev_032,32,CNCC(=O)N1CCN(CC(=O)O)CCN(CC(=O)O)CCN(CC(=O)O)CC1,10.1021/ci500346w,dioury2014,21.54
rev_178,A60,O=C(O)CN(CC(=O)O)c1ccccc1N(CC(=O)O)CC(=O)O,10.1246/bcsj.65.1566,uzal2022,13.89
rev_187,A69,O=C(O)CN(CC(=O)O)[C@@H]1CC[C@H]1N(CC(=O)O)CC(=O)O,10.1016/S0020-1693(00)81210-4,uzal2022,14.73
rev_222,T7,CN(CCOCCN(C)Cc1cccc(C(=O)O)n1)Cc1cccc(C(=O)O)n1,10.1021/acs.inorgchem.0c00372,uzal2022,12.02
rev_083,83,CC(C)NC(=O)CN(CCN(CCN(CC(=O)O)CC(=O)NC(C)C)CC(=O)O)CC(=O)O,10.1039/a605483h,dioury2014,17.07
rev_215,E2,O=C(O)c1cccc(CN2CCOCCOCCN(Cc3cccc(C(=O)O)n3)CCOCC2)n1,10.1039/C0DT00746C,uzal2022,11.41
rev_030,30,O=C(O)CCC(C(=O)O)N1CCN(C(CCC(=O)O)C(=O)O)CCN(C(CCC(=O)O)C(=O)O)CCN(C(CCC(=O)O)C(=O)O)CC1,10.1002/ejic.200300085,dioury2014,24.03
rev_104,104,O=C(O)CN(CC(=O)O)C1CCCC1N(CC(=O)O)CC(=O)O,10.1016/s0003-2670(01)95804-0,dioury2014,18.24
rev_226,T11,O=C(O)CN1Cc2cccc(n2)CN(CC(=O)O)Cc2cccc(n2)CN(CC(=O)O)Cc2cccc(n2)C1,10.1021/acs.inorgchem.9b03345,uzal2022,18.3
rev_036,36,O=C(O)CN1CCN(CC(=O)O)CCN(C(CO)C(O)CO)CCN(CC(=O)O)CC1,10.1016/0020-1693(96)05094-3,dioury2014,18.7
rev_028,28,C[C@@H](C(=O)O)N1CCN(CC(=O)O)[C@@H](Cc2ccc([N+](=O)[O-])cc2)CN([C@@H](C)C(=O)O)CCN([C@@H](C)C(=O)O)CC1,10.1021/ic2012843,dioury2014,21.53
rev_166,A30,O=C(O)CN(CCN(CCN(CC(=O)O)C(COCc1ccccc1)C(=O)O)C(COCc1ccccc1)C(=O)O)C(COCc1ccccc1)C(=O)O,10.1016/S0010-8545(99)00237-4,uzal2022,22.18
rev_016,16,O=C(O)CN1CCNC(=O)CN(CC(=O)O)CCN(CC(=O)O)CC(=O)NCC1,10.1021/ic00091a032,dioury2014,15.3
rev_099,99,CN(CCN(CCN(C)CC(=O)O)CC(=O)O)CC(=O)O,10.1021/ic00110a019,dioury2014,13.12
rev_190,B4,O=C(O)CN1CCN(CC(=O)O)CCN(CC(=O)O)C(Cc2ccc([N+](=O)[O-])cc2)CN(CC(=O)O)CC1,10.1021/ic0353007,uzal2022,24.2
rev_113,113,O=C(O)CCN(CCOCCN(CC(=O)O)CC(=O)O)CC(=O)O,10.1021/ic00213a019,dioury2014,15.21
rev_207,B40,O=C(O)CN1CCN(Cc2cccc(C(=O)O)n2)Cc2cccc(n2)CN(Cc2cccc(C(=O)O)n2)CC1,10.1021/acs.inorgchem.8b00598,uzal2022,23.56
rev_171,A44,CC(C)NC(=O)CN(CCN(CC(=O)O)CC(=O)NC(C)C)CC(=O)O,10.1016/S0277-5387(98)00273-3,uzal2022,12.79
rev_056,56,O=C(O)CCN1CCN(Cc2cccc(C(=O)O)n2)CCN(Cc2cccc(C(=O)O)n2)CC1,10.1039/b907738c,dioury2014,15.1
rev_136,136,CN(CC(O)C(O)C(O)C(O)CO)C(=O)C(COCc1ccccc1)N1CCN(CC(=O)O)CCN(CC(=O)O)CCN(CC(=O)O)CC1,10.1021/ic00038a023,dioury2014,26.4
rev_074,74,CCN(CCN(CC(=O)O)CC(=O)O)CCN(CC(=O)O)CC(=O)O,10.1021/ic00212a005,dioury2014,17.79
rev_227,T12,CCCCNC(=O)CN(CCN(CCN(CC(=O)O)CC(=O)O)CC(=O)O)CC(=O)O,10.1039/C7DT04104G,uzal2022,18.78
rev_062,62,Nc1ccc(CC(C(=O)O)N(CCN(CC(=O)O)CC(=O)O)CCN(CC(=O)O)CC(=O)O)cc1,10.1021/jm9602118,dioury2014,21.99
rev_184,A66,O=C(O)CN(CC(=O)O)C(=O)c1ccccc1,10.1016/S0010-8545(99)00237-4,uzal2022,7.04
